{
    "components": [
        {
            "cachedName": "LWJGL 3",
            "cachedVersion": "3.3.3",
            "cachedVolatile": true,
            "dependencyOnly": true,
            "uid": "org.lwjgl3",
            "version": "3.3.3"
        },
        {
            "cachedName": "Minecraft",
            "cachedRequires": [
                {
                    "suggests": "3.3.3",
                    "uid": "org.lwjgl3"
                }
            ],
            "cachedVersion": "1.20.6",
            "important": true,
            "uid": "net.minecraft",
            "version": "1.20.6"
        },
        {
            "cachedName": "Forge",
            "cachedRequires": [
                {
                    "equals": "1.20.6",
                    "uid": "net.minecraft"
                }
            ],
            "cachedVersion": "50.1.9",
            "uid": "net.minecraftforge",
            "version": "50.1.9"
        }
    ],
    "formatVersion": 1
}
